--SEEDS DATA INTO DATABASE TABLES: Address, Person, Nurse, Patient, Clinic Admin, and Doctor

USE [cs6232-g4]
GO
SET IDENTITY_INSERT [dbo].[Address] ON 
GO
INSERT [dbo].[Address] ([id], [street], [city], [state], [zip]) VALUES (1, N'3401 Derek mill', N'Marietta', N'GA', N'30067')
GO
INSERT [dbo].[Address] ([id], [street], [city], [state], [zip]) VALUES (2, N'87358 Bayside Road', N'Atlanta', N'GA', N'30343')
GO
INSERT [dbo].[Address] ([id], [street], [city], [state], [zip]) VALUES (3, N'2 8th Trail', N'Norman', N'OK', N'73071')
GO
INSERT [dbo].[Address] ([id], [street], [city], [state], [zip]) VALUES (4, N'336 Scofield Parkway', N'Washington', N'DC', N'20005')
GO
INSERT [dbo].[Address] ([id], [street], [city], [state], [zip]) VALUES (5, N'4790 Caliangt Drive', N'Jefferson City', N'MO', N'65110')
GO
INSERT [dbo].[Address] ([id], [street], [city], [state], [zip]) VALUES (6, N'8 Rowland Junction', N'Charlotte', N'NC', N'28299')
GO
INSERT [dbo].[Address] ([id], [street], [city], [state], [zip]) VALUES (7, N'527 Swallow Crossing', N'Amarillo', N'TX', N'79105')
GO
INSERT [dbo].[Address] ([id], [street], [city], [state], [zip]) VALUES (8, N'3 Eagle Crest Center', N'New York City', N'NY', N'10155')
GO
INSERT [dbo].[Address] ([id], [street], [city], [state], [zip]) VALUES (9, N'7347 Nova Way', N'Aiken', N'SC', N'29805')
GO
INSERT [dbo].[Address] ([id], [street], [city], [state], [zip]) VALUES (10, N'21476 Ronald Regan Point', N'Colorado Springs', N'CO', N'80951')
GO
INSERT [dbo].[Address] ([id], [street], [city], [state], [zip]) VALUES (11, N'3 Summit Way', N'Washington', N'DC', N'20370')
GO
INSERT [dbo].[Address] ([id], [street], [city], [state], [zip]) VALUES (12, N'80 David Plaza', N'Charlotte', N'NC', N'28284')
GO
INSERT [dbo].[Address] ([id], [street], [city], [state], [zip]) VALUES (13, N'5230 2nd Park', N'Saint Louis', N'MO', N'63116')
GO
INSERT [dbo].[Address] ([id], [street], [city], [state], [zip]) VALUES (14, N'25197 Annamark Place', N'Austin', N'TX', N'78778')
GO
INSERT [dbo].[Address] ([id], [street], [city], [state], [zip]) VALUES (15, N'24 Michigan Road', N'Garden Grove', N'CA', N'92844')
GO
INSERT [dbo].[Address] ([id], [street], [city], [state], [zip]) VALUES (16, N'2 Tennessee Lane', N'Phoenix', N'AZ', N'85053')
GO
INSERT [dbo].[Address] ([id], [street], [city], [state], [zip]) VALUES (17, N'56 Manitowish Junction', N'Kansas City', N'KS', N'66160')
GO
INSERT [dbo].[Address] ([id], [street], [city], [state], [zip]) VALUES (18, N'1528 8th Court', N'Tucson', N'AZ', N'85715')
GO
INSERT [dbo].[Address] ([id], [street], [city], [state], [zip]) VALUES (19, N'8 Boyd Drive', N'Minneapolis', N'MN', N'55446')
GO
INSERT [dbo].[Address] ([id], [street], [city], [state], [zip]) VALUES (20, N'025 Northview Parkway', N'Alexandria', N'VA', N'22309')
GO
INSERT [dbo].[Address] ([id], [street], [city], [state], [zip]) VALUES (21, N'92 Forster Park', N'Fresno', N'CA', N'93715')
GO
INSERT [dbo].[Address] ([id], [street], [city], [state], [zip]) VALUES (22, N'6983 Rusk Street', N'Tacoma', N'WA', N'98464')
GO
INSERT [dbo].[Address] ([id], [street], [city], [state], [zip]) VALUES (23, N'20 Rusk Drive', N'Tyler', N'TX', N'75710')
GO
INSERT [dbo].[Address] ([id], [street], [city], [state], [zip]) VALUES (24, N'3 Dwight Parkway', N'Wichita Falls', N'TX', N'76305')
GO
INSERT [dbo].[Address] ([id], [street], [city], [state], [zip]) VALUES (25, N'207 School Avenue', N'Saint Petersburg', N'FL', N'33710')
GO
INSERT [dbo].[Address] ([id], [street], [city], [state], [zip]) VALUES (26, N'27383 Meadow Vale Avenue', N'Grand Rapids', N'MI', N'49518')
GO
INSERT [dbo].[Address] ([id], [street], [city], [state], [zip]) VALUES (27, N'490 Gerald Hill', N'Apache Junction', N'AZ', N'85219')
GO
INSERT [dbo].[Address] ([id], [street], [city], [state], [zip]) VALUES (28, N'46 Bunting Place', N'Terre Haute', N'IN', N'47812')
GO
INSERT [dbo].[Address] ([id], [street], [city], [state], [zip]) VALUES (29, N'55 Chive Lane', N'Miami', N'FL', N'33196')
GO
INSERT [dbo].[Address] ([id], [street], [city], [state], [zip]) VALUES (30, N'6 Warbler Terrace', N'Port Saint Lucie', N'FL', N'34985')
GO
INSERT [dbo].[Address] ([id], [street], [city], [state], [zip]) VALUES (31, N'454 Crowley Point', N'Lakeland', N'FL', N'33805')
GO
INSERT [dbo].[Address] ([id], [street], [city], [state], [zip]) VALUES (32, N'3 Stephen Way', N'Minneapolis', N'MN', N'55480')
GO
INSERT [dbo].[Address] ([id], [street], [city], [state], [zip]) VALUES (33, N'8957 Village Green Pass', N'Washington', N'DC', N'20508')
GO
INSERT [dbo].[Address] ([id], [street], [city], [state], [zip]) VALUES (34, N'99535 Basil Point', N'Houston', N'TX', N'77250')
GO
INSERT [dbo].[Address] ([id], [street], [city], [state], [zip]) VALUES (35, N'78 Oak Parkway', N'Honolulu', N'HI', N'96810')
GO
INSERT [dbo].[Address] ([id], [street], [city], [state], [zip]) VALUES (36, N'8 Anhalt Hill', N'Juneau', N'AK', N'99812')
GO
INSERT [dbo].[Address] ([id], [street], [city], [state], [zip]) VALUES (37, N'5586 Miller Trail', N'Madison', N'WI', N'53705')
GO
INSERT [dbo].[Address] ([id], [street], [city], [state], [zip]) VALUES (38, N'40992 Stuart Crossing', N'Pasadena', N'CA', N'91199')
GO
INSERT [dbo].[Address] ([id], [street], [city], [state], [zip]) VALUES (39, N'0099 Declaration Place', N'Lake Charles', N'LA', N'70607')
GO
INSERT [dbo].[Address] ([id], [street], [city], [state], [zip]) VALUES (40, N'22106 Logan Center', N'Bradenton', N'FL', N'34205')
GO
INSERT [dbo].[Address] ([id], [street], [city], [state], [zip]) VALUES (41, N'9055 Derek Pass', N'Aurora', N'IL', N'60505')
GO
INSERT [dbo].[Address] ([id], [street], [city], [state], [zip]) VALUES (42, N'1245 Berkenridge Dr', N'Atlanta', N'GA', N'30067')
GO
INSERT [dbo].[Address] ([id], [street], [city], [state], [zip]) VALUES (43, N'1245 Berkenridge Dr', N'Atlanta', N'GA', N'30067')
GO
INSERT [dbo].[Address] ([id], [street], [city], [state], [zip]) VALUES (44, N'1245 Berkenridge Dr', N'Atlanta', N'GA', N'30067')
GO
INSERT [dbo].[Address] ([id], [street], [city], [state], [zip]) VALUES (45, N'1234 Asanda rd', N'Atlanta', N'GA', N'30022')
GO
INSERT [dbo].[Address] ([id], [street], [city], [state], [zip]) VALUES (46, N'1234 Resater rd', N'Marietta', N'GA', N'30067')
GO
INSERT [dbo].[Address] ([id], [street], [city], [state], [zip]) VALUES (47, N'234 Falling dr', N'Kennesaw', N'GA', N'30060')
GO
INSERT [dbo].[Address] ([id], [street], [city], [state], [zip]) VALUES (48, N'1265 Walter rd', N'Alpharetta', N'GA', N'30054')
GO
INSERT [dbo].[Address] ([id], [street], [city], [state], [zip]) VALUES (49, N'2356 Windy Hill Rd', N'Smyrna', N'GA', N'30023')
GO
SET IDENTITY_INSERT [dbo].[Address] OFF
GO
SET IDENTITY_INSERT [dbo].[Person] ON 
GO
INSERT [dbo].[Person] ([id], [username], [password], [firstName], [lastName], [dateOfBirth], [ssn], [gender], [addressID], [contactPhone]) VALUES (2, N'deyvinz', N'westga-emr', N'David', N'Gill', CAST(N'1993-08-12' AS Date), N'123456789', N'M', 1, N'7014259965')
GO
INSERT [dbo].[Person] ([id], [username], [password], [firstName], [lastName], [dateOfBirth], [ssn], [gender], [addressID], [contactPhone]) VALUES (3, N'lander01', N'westga-emr', N'Landar', N'Eric', CAST(N'1993-09-09' AS Date), N'123456789', N'M', 2, N'1234567890')
GO
INSERT [dbo].[Person] ([id], [username], [password], [firstName], [lastName], [dateOfBirth], [ssn], [gender], [addressID], [contactPhone]) VALUES (5, N'derek1', N'westga-emr', N'Derek', N'King', CAST(N'1993-12-02' AS Date), N'789456123', N'F', 3, N'7894567891')
GO
INSERT [dbo].[Person] ([id], [username], [password], [firstName], [lastName], [dateOfBirth], [ssn], [gender], [addressID], [contactPhone]) VALUES (6, NULL, NULL, N'Vicki', N'Nick', CAST(N'2000-03-29' AS Date), N'456123698', N'F', 4, N'7086754432')
GO
INSERT [dbo].[Person] ([id], [username], [password], [firstName], [lastName], [dateOfBirth], [ssn], [gender], [addressID], [contactPhone]) VALUES (7, N'sally12', N'westga-emr', N'Sally', N'Mae', CAST(N'2000-06-12' AS Date), N'123456785', N'F', 5, N'785456985 ')
GO
INSERT [dbo].[Person] ([id], [username], [password], [firstName], [lastName], [dateOfBirth], [ssn], [gender], [addressID], [contactPhone]) VALUES (13, NULL, NULL, N'Myrvyn', N'Grinter', CAST(N'2009-04-19' AS Date), N'425874170', N'M', 6, N'9275296732')
GO
INSERT [dbo].[Person] ([id], [username], [password], [firstName], [lastName], [dateOfBirth], [ssn], [gender], [addressID], [contactPhone]) VALUES (15, NULL, NULL, N'Tobe', N'Sapshed', CAST(N'2000-01-14' AS Date), N'656736710', N'M', 7, N'4357303412')
GO
INSERT [dbo].[Person] ([id], [username], [password], [firstName], [lastName], [dateOfBirth], [ssn], [gender], [addressID], [contactPhone]) VALUES (18, NULL, NULL, N'Beatrice', N'Futty', CAST(N'2009-06-12' AS Date), N'471569112', N'F', 8, N'9014839183')
GO
INSERT [dbo].[Person] ([id], [username], [password], [firstName], [lastName], [dateOfBirth], [ssn], [gender], [addressID], [contactPhone]) VALUES (19, NULL, NULL, N'Dorisa', N'Hail', CAST(N'2005-12-19' AS Date), N'270814784', N'M', 9, N'4058633315')
GO
INSERT [dbo].[Person] ([id], [username], [password], [firstName], [lastName], [dateOfBirth], [ssn], [gender], [addressID], [contactPhone]) VALUES (20, NULL, NULL, N'Megen', N'Fones', CAST(N'2003-04-04' AS Date), N'550570999', N'F', 10, N'2886989660')
GO
INSERT [dbo].[Person] ([id], [username], [password], [firstName], [lastName], [dateOfBirth], [ssn], [gender], [addressID], [contactPhone]) VALUES (21, NULL, NULL, N'Sid', N'Ratter', CAST(N'2010-03-24' AS Date), N'269694191', N'M', 11, N'5126877616')
GO
INSERT [dbo].[Person] ([id], [username], [password], [firstName], [lastName], [dateOfBirth], [ssn], [gender], [addressID], [contactPhone]) VALUES (22, NULL, NULL, N'Mortimer', N'Avo', CAST(N'2007-12-02' AS Date), N'890188763', N'M', 12, N'2396212721')
GO
INSERT [dbo].[Person] ([id], [username], [password], [firstName], [lastName], [dateOfBirth], [ssn], [gender], [addressID], [contactPhone]) VALUES (23, NULL, NULL, N'Jorge', N'Collinwood', CAST(N'2000-10-06' AS Date), N'166746123', N'M', 13, N'4514931635')
GO
INSERT [dbo].[Person] ([id], [username], [password], [firstName], [lastName], [dateOfBirth], [ssn], [gender], [addressID], [contactPhone]) VALUES (24, NULL, NULL, N'Madelaine', N'Fyndon', CAST(N'1996-11-21' AS Date), N'330897236', N'F', 14, N'1864078371')
GO
INSERT [dbo].[Person] ([id], [username], [password], [firstName], [lastName], [dateOfBirth], [ssn], [gender], [addressID], [contactPhone]) VALUES (25, NULL, NULL, N'Rowen', N'Mangenet', CAST(N'2005-09-24' AS Date), N'415486266', N'M', 15, N'8772989443')
GO
INSERT [dbo].[Person] ([id], [username], [password], [firstName], [lastName], [dateOfBirth], [ssn], [gender], [addressID], [contactPhone]) VALUES (26, NULL, NULL, N'Oberon', N'Abrashkin', CAST(N'2010-04-21' AS Date), N'669343729', N'M', 16, N'4938143861')
GO
INSERT [dbo].[Person] ([id], [username], [password], [firstName], [lastName], [dateOfBirth], [ssn], [gender], [addressID], [contactPhone]) VALUES (27, NULL, NULL, N'Gran', N'Babe', CAST(N'1996-01-04' AS Date), N'873116701', N'M', 17, N'2569958464')
GO
INSERT [dbo].[Person] ([id], [username], [password], [firstName], [lastName], [dateOfBirth], [ssn], [gender], [addressID], [contactPhone]) VALUES (28, NULL, NULL, N'Weston', N'Adnet', CAST(N'2000-11-25' AS Date), N'558977754', N'M', 18, N'2935450367')
GO
INSERT [dbo].[Person] ([id], [username], [password], [firstName], [lastName], [dateOfBirth], [ssn], [gender], [addressID], [contactPhone]) VALUES (29, NULL, NULL, N'Lesli', N'Mellenby', CAST(N'2003-04-06' AS Date), N'304993250', N'F', 19, N'6589784393')
GO
INSERT [dbo].[Person] ([id], [username], [password], [firstName], [lastName], [dateOfBirth], [ssn], [gender], [addressID], [contactPhone]) VALUES (30, NULL, NULL, N'Isobel', N'Quaintance', CAST(N'2009-07-25' AS Date), N'326066547', N'F', 20, N'4788621982')
GO
INSERT [dbo].[Person] ([id], [username], [password], [firstName], [lastName], [dateOfBirth], [ssn], [gender], [addressID], [contactPhone]) VALUES (31, NULL, NULL, N'Ax', N'Mollitt', CAST(N'2009-09-14' AS Date), N'386991430', N'M', 21, N'3731090201')
GO
INSERT [dbo].[Person] ([id], [username], [password], [firstName], [lastName], [dateOfBirth], [ssn], [gender], [addressID], [contactPhone]) VALUES (32, NULL, NULL, N'Trina', N'Questier', CAST(N'2008-04-04' AS Date), N'656228900', N'F', 22, N'9643616834')
GO
INSERT [dbo].[Person] ([id], [username], [password], [firstName], [lastName], [dateOfBirth], [ssn], [gender], [addressID], [contactPhone]) VALUES (33, NULL, NULL, N'Jammal', N'Vida', CAST(N'2002-08-11' AS Date), N'738520359', N'M', 23, N'5319285901')
GO
INSERT [dbo].[Person] ([id], [username], [password], [firstName], [lastName], [dateOfBirth], [ssn], [gender], [addressID], [contactPhone]) VALUES (34, NULL, NULL, N'Binky', N'Hawler', CAST(N'2009-01-02' AS Date), N'632185071', N'M', 24, N'3143745989')
GO
INSERT [dbo].[Person] ([id], [username], [password], [firstName], [lastName], [dateOfBirth], [ssn], [gender], [addressID], [contactPhone]) VALUES (35, NULL, NULL, N'Florian', N'Stidworthy', CAST(N'1995-11-15' AS Date), N'895019009', N'M', 25, N'3724488857')
GO
INSERT [dbo].[Person] ([id], [username], [password], [firstName], [lastName], [dateOfBirth], [ssn], [gender], [addressID], [contactPhone]) VALUES (36, NULL, NULL, N'Romonda', N'Menary', CAST(N'2006-03-04' AS Date), N'519114925', N'F', 26, N'2122135358')
GO
INSERT [dbo].[Person] ([id], [username], [password], [firstName], [lastName], [dateOfBirth], [ssn], [gender], [addressID], [contactPhone]) VALUES (37, NULL, NULL, N'Shay', N'Munnion', CAST(N'2006-01-23' AS Date), N'883354117', N'M', 27, N'1295780834')
GO
INSERT [dbo].[Person] ([id], [username], [password], [firstName], [lastName], [dateOfBirth], [ssn], [gender], [addressID], [contactPhone]) VALUES (38, NULL, NULL, N'Averill', N'Furlow', CAST(N'2004-03-03' AS Date), N'557737413', N'M', 28, N'3632381086')
GO
INSERT [dbo].[Person] ([id], [username], [password], [firstName], [lastName], [dateOfBirth], [ssn], [gender], [addressID], [contactPhone]) VALUES (39, NULL, NULL, N'Eileen', N'Bliven', CAST(N'2007-09-18' AS Date), N'880843645', N'F', 29, N'9378764134')
GO
INSERT [dbo].[Person] ([id], [username], [password], [firstName], [lastName], [dateOfBirth], [ssn], [gender], [addressID], [contactPhone]) VALUES (40, NULL, NULL, N'Colan', N'Hollibone', CAST(N'2004-02-13' AS Date), N'105727979', N'M', 30, N'9238184115')
GO
INSERT [dbo].[Person] ([id], [username], [password], [firstName], [lastName], [dateOfBirth], [ssn], [gender], [addressID], [contactPhone]) VALUES (41, NULL, NULL, N'Welliem', N'Andy', CAST(N'1996-03-29' AS Date), N'123456789', N'M', 42, N'6784562345')
GO
INSERT [dbo].[Person] ([id], [username], [password], [firstName], [lastName], [dateOfBirth], [ssn], [gender], [addressID], [contactPhone]) VALUES (42, NULL, NULL, N'Welliem', N'Andy', CAST(N'1996-03-29' AS Date), N'123456789', N'M', 43, N'6784562345')
GO
INSERT [dbo].[Person] ([id], [username], [password], [firstName], [lastName], [dateOfBirth], [ssn], [gender], [addressID], [contactPhone]) VALUES (43, NULL, NULL, N'Welliem', N'Andy', CAST(N'1996-03-29' AS Date), N'123456789', N'M', 44, N'6784562345')
GO
INSERT [dbo].[Person] ([id], [username], [password], [firstName], [lastName], [dateOfBirth], [ssn], [gender], [addressID], [contactPhone]) VALUES (44, NULL, NULL, N'Vally', N'Darin', CAST(N'1997-09-12' AS Date), N'123456798', N'M', 45, N'7063045512')
GO
INSERT [dbo].[Person] ([id], [username], [password], [firstName], [lastName], [dateOfBirth], [ssn], [gender], [addressID], [contactPhone]) VALUES (45, NULL, NULL, N'Winter', N'Asal', CAST(N'2021-03-29' AS Date), N'799787671', N'M', 46, N'4046789901')
GO
INSERT [dbo].[Person] ([id], [username], [password], [firstName], [lastName], [dateOfBirth], [ssn], [gender], [addressID], [contactPhone]) VALUES (46, NULL, NULL, N'Ade', N'Terry', CAST(N'1997-03-30' AS Date), N'776890997', N'M', 47, N'2345678901')
GO
INSERT [dbo].[Person] ([id], [username], [password], [firstName], [lastName], [dateOfBirth], [ssn], [gender], [addressID], [contactPhone]) VALUES (47, NULL, NULL, N'Lucas', N'Digne', CAST(N'2000-02-23' AS Date), NULL, N'M', 48, N'6784562354')
GO
INSERT [dbo].[Person] ([id], [username], [password], [firstName], [lastName], [dateOfBirth], [ssn], [gender], [addressID], [contactPhone]) VALUES (48, NULL, NULL, N'Olah', N'Wole', CAST(N'2006-08-18' AS Date), N'546890367', N'F', 49, N'4044573467')
GO
SET IDENTITY_INSERT [dbo].[Person] OFF
GO
SET IDENTITY_INSERT [dbo].[Clinical_Administrator] ON 
GO
INSERT [dbo].[Clinical_Administrator] ([id], [personID], [active]) VALUES (1, 5, 1)
GO
SET IDENTITY_INSERT [dbo].[Clinical_Administrator] OFF
GO
SET IDENTITY_INSERT [dbo].[Doctor] ON 
GO
INSERT [dbo].[Doctor] ([id], [personID], [active]) VALUES (1, 3, 1)
GO
INSERT [dbo].[Doctor] ([id], [personID], [active]) VALUES (2, 21, 1)
GO
INSERT [dbo].[Doctor] ([id], [personID], [active]) VALUES (3, 22, 1)
GO
INSERT [dbo].[Doctor] ([id], [personID], [active]) VALUES (4, 23, 1)
GO
INSERT [dbo].[Doctor] ([id], [personID], [active]) VALUES (5, 24, 1)
GO
INSERT [dbo].[Doctor] ([id], [personID], [active]) VALUES (6, 25, 1)
GO
INSERT [dbo].[Doctor] ([id], [personID], [active]) VALUES (7, 26, 1)
GO
INSERT [dbo].[Doctor] ([id], [personID], [active]) VALUES (8, 27, 1)
GO
SET IDENTITY_INSERT [dbo].[Doctor] OFF
GO
SET IDENTITY_INSERT [dbo].[Nurse] ON 
GO
INSERT [dbo].[Nurse] ([id], [personID], [active]) VALUES (1, 2, 1)
GO
INSERT [dbo].[Nurse] ([id], [personID], [active]) VALUES (2, 5, 1)
GO
SET IDENTITY_INSERT [dbo].[Nurse] OFF
GO
SET IDENTITY_INSERT [dbo].[Patient] ON 
GO
INSERT [dbo].[Patient] ([id], [personID], [active]) VALUES (1, 6, 1)
GO
INSERT [dbo].[Patient] ([id], [personID], [active]) VALUES (2, 13, 1)
GO
INSERT [dbo].[Patient] ([id], [personID], [active]) VALUES (4, 15, 1)
GO
INSERT [dbo].[Patient] ([id], [personID], [active]) VALUES (7, 18, 1)
GO
INSERT [dbo].[Patient] ([id], [personID], [active]) VALUES (8, 19, 1)
GO
INSERT [dbo].[Patient] ([id], [personID], [active]) VALUES (9, 20, 1)
GO
INSERT [dbo].[Patient] ([id], [personID], [active]) VALUES (10, 41, 1)
GO
INSERT [dbo].[Patient] ([id], [personID], [active]) VALUES (11, 42, 1)
GO
INSERT [dbo].[Patient] ([id], [personID], [active]) VALUES (12, 43, 1)
GO
INSERT [dbo].[Patient] ([id], [personID], [active]) VALUES (13, 44, 1)
GO
INSERT [dbo].[Patient] ([id], [personID], [active]) VALUES (14, 45, 1)
GO
INSERT [dbo].[Patient] ([id], [personID], [active]) VALUES (15, 46, 1)
GO
INSERT [dbo].[Patient] ([id], [personID], [active]) VALUES (16, 47, 1)
GO
INSERT [dbo].[Patient] ([id], [personID], [active]) VALUES (17, 48, 1)
GO
SET IDENTITY_INSERT [dbo].[Patient] OFF
GO

